module,panel_size,auc
0,1,0.5146154491931498
1,16,3.505333191042949
2,16,0.6357298305612477
3,16,0.644865596043907
4,3,0.2753963512988434
5,16,0.5092916009467988
combined,68,1.265651882361884
