component,explained_variance_ratio,cumulative_variance
1,0.1994467828722491,0.1994467828722491
2,0.1314799817135563,0.3309267645858054
3,0.09493060044069522,0.4258573650265006
4,0.06947147759776738,0.495328842624268
5,0.061959164072558866,0.5572880066968269
6,0.05606355479410092,0.6133515614909278
7,0.05094472344905415,0.664296284939982
8,0.039897651267744715,0.7041939362077267
