n_nodes,n_edges,avg_degree,density
1076,48540,90.22304832713755,0.08392841704850004
