fold,accuracy,macro_f1,macro_auroc
1,0.7777777777777778,0.7849381265021349,0.9494268684607462
2,0.7953488372093023,0.7984696686478028,0.9554558039222879
3,0.8232558139534883,0.8217217584772847,0.9513687484528268
4,0.7488372093023256,0.7449648679954541,0.9138356220964869
5,0.7627906976744186,0.7591720303654199,0.9538593847476432
